DROP DATABASE IF EXISTS scott;

CREATE DATABASE scott;

USE scott;

CREATE TABLE DEPT (
    DEPTNO DECIMAL(2),
    DNAME VARCHAR(14),
    LOC VARCHAR(13),
    CONSTRAINT PK_DEPT PRIMARY KEY (DEPTNO) 
);
CREATE TABLE EMP (
    EMPNO DECIMAL(4),
    ENAME VARCHAR(10),
    JOB VARCHAR(9),
    MGR DECIMAL(4),
    HIREDATE DATE,
    SAL DECIMAL(7,2),
    COMM DECIMAL(7,2),
    DEPTNO DECIMAL(2),
    CONSTRAINT PK_EMP PRIMARY KEY (EMPNO),
    CONSTRAINT FK_DEPTNO FOREIGN KEY (DEPTNO) REFERENCES DEPT(DEPTNO)
);
CREATE TABLE SALGRADE ( 
    GRADE TINYINT,
    LOSAL SMALLINT,
    HISAL SMALLINT 
);
INSERT INTO DEPT VALUES (10,'ACCOUNTING','NEW YORK');
INSERT INTO DEPT VALUES (20,'RESEARCH','DALLAS');
INSERT INTO DEPT VALUES (30,'SALES','CHICAGO');
INSERT INTO DEPT VALUES (40,'OPERATIONS','BOSTON');
INSERT INTO EMP VALUES (7369,'SMITH','CLERK',7902,STR_TO_DATE('17-12-1980','%d-%m-%Y'),800,NULL,20);
INSERT INTO EMP VALUES (7499,'ALLEN','SALESMAN',7698,STR_TO_DATE('20-2-1981','%d-%m-%Y'),1600,300,30);
INSERT INTO EMP VALUES (7521,'WARD','SALESMAN',7698,STR_TO_DATE('22-2-1981','%d-%m-%Y'),1250,500,30);
INSERT INTO EMP VALUES (7566,'JONES','MANAGER',7839,STR_TO_DATE('2-4-1981','%d-%m-%Y'),2975,NULL,20);
INSERT INTO EMP VALUES (7654,'MARTIN','SALESMAN',7698,STR_TO_DATE('28-9-1981','%d-%m-%Y'),1250,1400,30);
INSERT INTO EMP VALUES (7698,'BLAKE','MANAGER',7839,STR_TO_DATE('1-5-1981','%d-%m-%Y'),2850,NULL,30);
INSERT INTO EMP VALUES (7782,'CLARK','MANAGER',7839,STR_TO_DATE('9-6-1981','%d-%m-%Y'),2450,NULL,10);
INSERT INTO EMP VALUES (7788,'SCOTT','ANALYST',7566,STR_TO_DATE('13-7-1987','%d-%m-%Y')-85,3000,NULL,20);
INSERT INTO EMP VALUES (7839,'KING','PRESIDENT',NULL,STR_TO_DATE('17-11-1981','%d-%m-%Y'),5000,NULL,10);
INSERT INTO EMP VALUES (7844,'TURNER','SALESMAN',7698,STR_TO_DATE('8-9-1981','%d-%m-%Y'),1500,0,30);
INSERT INTO EMP VALUES (7876,'ADAMS','CLERK',7788,STR_TO_DATE('13-7-1987', '%d-%m-%Y'),1100,NULL,20);
INSERT INTO EMP VALUES (7900,'JAMES','CLERK',7698,STR_TO_DATE('3-12-1981','%d-%m-%Y'),950,NULL,30);
INSERT INTO EMP VALUES (7902,'FORD','ANALYST',7566,STR_TO_DATE('3-12-1981','%d-%m-%Y'),3000,NULL,20);
INSERT INTO EMP VALUES (7934,'MILLER','CLERK',7782,STR_TO_DATE('23-1-1982','%d-%m-%Y'),1300,NULL,10);
INSERT INTO SALGRADE VALUES (1,700,1200);
INSERT INTO SALGRADE VALUES (2,1201,1400);
INSERT INTO SALGRADE VALUES (3,1401,2000);
INSERT INTO SALGRADE VALUES (4,2001,3000);
INSERT INTO SALGRADE VALUES (5,3001,9999);


#1. 사원 테이블의 모든 레코드를 조회하시오.
SHOW TABLES;
SELECT*
FROM DEPT;

SELECT*
FROM EMP;

SELECT*
FROM SALGRADE;


#2. 사원명과 입사일을 조회하시오.
SELECT EMP.ENAME, EMP.HIREDATE
FROM EMP;

#3. 사원번호와 이름을 조회하시오.
SELECT EMP.EMPNO, EMP.ENAME
FROM EMP; 

#4. 사원테이블에 있는 직책의 목록을 조회하시오. (hint : distinct, group by)
SELECT DISTINCT EMP.JOB
FROM EMP;

SELECT EMP.JOB
FROM EMP;
GROUP BY EMP.JOB

#5. 총 사원수를 구하시오. (hint : count)
SELECT COUNT(*)
FROM EMP;

#6. 부서번호가 10인 사원을 조회하시오.
SELECT ENAME, DEPTNO
FROM EMP
WHERE DEPTNO = 10;

#7. 월급여가 2500이상 되는 사원을 조회하시오.
SELECT EMP.ENAME, EMP.SAL
FROM EMP
WHERE EMP.SAL >=2500

#8. 이름이 'KING'인 사원을 조회하시오.
SELECT *
FROM EMP
WHERE ENAME = 'KING';

#9. 사원들 중 이름이 S로 시작하는 사원의 사원번호와 이름을 조회하시오. (hint : like)
SELECT EMPNO, ENAME
FROM EMP
WHERE ENAME LIKE 'S%'; 

#10. 사원 이름에 T가 포함된 사원의 사원번호와 이름을 조회하시오. (hint : like)
SELECT EMPNO, ENAME
FROM EMP
WHERE ENAME LIKE '%T%'; 

#11. 커미션이 300, 500, 1400 인 사원의 사번,이름,커미션을 조회하시오. (hint : OR, in )
SELECT EMPNO, ENAME, TRUNCATE(COMM,0)
FROM EMP
WHERE TRUNCATE(COMM,0) IN (300, 500, 1400);

#12. 월급여가 1200 에서 3500 사이의 사원의 사번,이름,월급여를 조회하시오. (hint : AND, between)
SELECT EMPNO, ENAME, TRUNCATE(SAL, 0)
FROM EMP
WHERE TRUNCATE(SAL, 0) BETWEEN 1200 AND 1500;

#13. 직급이 매니저이고 부서번호가 30번인 사원의 이름,사번,직급,부서번호를 조회하시오. 
SELECT ENAME, EMPNO, JOB, DEPTNO
FROM EMP
WHERE JOB = "MANAGER" AND DEPTNO = 30; #bLACK씨!

#14. 부서번호가 30인 아닌 사원의 사번,이름,부서번호를 조회하시오. (not)
SELECT EMPNO, ENAME, DEPTNO
FROM EMP
WHERE NOT DEPTNO = 30;

#15. 커미션이 300, 500, 1400 이 모두 아닌 사원의 사번,이름,커미션을 조회하시오. (hint : not in)
SELECT EMPNO, ENAME, COMM
FROM EMP
WHERE COMM NOT IN(300, 500, 1400);
#16. 이름에 S가 포함되지 않는 사원의 사번,이름을 조회하시오. (hint : not like)
SELECT EMPNO, ENAME
FROM EMP
WHERE ENAME NOT LIKE 'S%';

#17. 급여가 1200보다 미만이거나 3700 초과하는 사원의 사번,이름,월급여를 조회하시오. (hint : not, between)
SELECT EMPNO, ENAME, SAL
FROM EMP
WHERE SAL NOT BETWEEN 1200 AND 3700;
 
#18. 직속상사가 NULL 인 사원의 이름과 직급을 조회하시오. (hint : is null, is not null)
SELECT EMP.ENAME, EMP.JOB
FROM EMP
WHERE MGR IS NULL;

#19. 부서별 평균월급여를 구하는 쿼리 (hint : group by, avg())
SELECT DEPT.DNAME, AVG(EMP.SAL) AS "평균월급여"
FROM DEPT
INNER JOIN EMP
ON DEPT.DEPTNO = EMP.DEPTNO
GROUP BY DEPT.DNAME;

#20. 부서별 전체 사원수와 커미션을 받는 사원들의 수를 구하는 쿼리 (hint : group by, count())#커미션이 0인 애를 빼고싶어
SELECT DEPT.DNAME, COUNT(EMP.ENAME), COUNT(EMP.COMM), IF(COMM = 0, NULL, COMM)
FROM DEPT
INNER JOIN EMP
ON DEPT.DEPTNO = EMP.DEPTNO
GROUP BY DEPT.DNAME;


#21. 부서별 최대 급여와 최소 급여를 구하는 쿼리 (hint : group by, min(), max())
SELECT DEPT.DNAME, MAX(EMP.SAL), MIN(EMP.SAL)
FROM DEPT
INNER JOIN EMP
ON DEPT.DEPTNO = EMP.DEPTNO
GROUP BY DEPT.DNAME;

#22. 부서별로 급여 평균 (단, 부서별 급여 평균이 2000 이상만) (hint : group by, having)
SELECT DEPT.DNAME, AVG(EMP.SAL)
FROM DEPT
INNER JOIN EMP
ON DEPT.DEPTNO = EMP.DEPTNO
GROUP BY DEPT.DNAME
HAVING AVG(EMP.SAL) >= 2000;

#23. 월급여가 1000 이상인 사원만을 대상으로 부서별로 월급여 평균을 구하라. 단, 평균값이 2000 이상인 레코드만 구하라. (hint : group by, having)
SELECT DEPT.DNAME, AVG(EMP.SAL)
FROM DEPT
INNER JOIN EMP
ON DEPT.DEPTNO = EMP.DEPTNO
WHERE EMP.SAL >= 1000
GROUP BY DEPT.DNAME
HAVING AVG(EMP.SAL) >= 2000;

#24. 사원명과 부서명을 조회하시오. (hint : inner join)
SELECT DEPT.DNAME, EMP.ENAME
FROM DEPT
INNER JOIN EMP
ON DEPT.DEPTNO = EMP.DEPTNO;

SELECT*
FROM SALGRADE;
#25. 이름,월급여,월급여등급을 조회하시오. (hint : inner join, between)
UPDATE EMP
SET SAL = 1
WHERE EMP.SAL BETWEEN 700 AND 1200;
UPDATE EMP
SET SAL = 2
WHERE EMP.SAL BETWEEN 1201 AND 1400;
UPDATE EMP
SET SAL = 3
WHERE EMP.SAL BETWEEN 1401 AND 2000;
UPDATE EMP
SET SAL = 4
WHERE EMP.SAL BETWEEN 2001 AND 3000;
UPDATE EMP
SET SAL = 5
WHERE EMP.SAL BETWEEN 3001 AND 9999;

SELECT EMP.ENAME, SALGRADE.GRADE
FROM EMP
INNER JOIN SALGRADE 
ON SALGRADE.GRADE = EMP.SAL;

#26. 이름,부서명,월급여등급을 조회하시오. 
SELECT EMP.ENAME, DEPT.DNAME, SALGRADE.GRADE
FROM EMP
INNER JOIN DEPT
ON DEPT.DEPTNO = EMP.DEPTNO
INNER JOIN SALGRADE
ON EMP.SAL = SALGRADE.GRADE;

SELECT*
FROM EMP;
#27. 이름,직속상사이름을 조회하시오. (hint : self join)
SELECT DISTINCT E.ENAME, M.ENAME AS "직속상사이름"
FROM EMP AS E
INNER JOIN EMP AS M
ON E.MGR = M.EMPNO;
# INNER JOIN이기 떄문에 KING은 교집합이 아니라서 안들어감. 그러나 KING도 ENAME에 들어가길 원함. ENAME외쪽을 다 보여주고 싶으니 LEFT JOIN


#28. 이름,직속상사이름을 조회하시오.(단 직속 상사가 없는 사람도 직속상사 결과가 null값으로 나와야 함) (hint : outer join)
###외부OUTER 조인. A LEFT JOIN B는 조인 조건에 만족하지 못하더라도 왼쪽 테이블 A의 행을 나타내고 싶을 때 사용한다. 반대로 A RIGHT JOIN B는 조인 조건에 만족하지 못하더라도 오른쪽 테이블 B의 행을 나타내고 싶을 때
SELECT DISTINCT E.ENAME, M.ENAME AS "직속상사이름"
FROM EMP AS E
LEFT JOIN EMP AS M
ON E.MGR = M.EMPNO;
#29. 이름,부서명을 조회하시오.단, 사원테이블에 부서번호가 40에 속한 사원이 없지만 부서번호 40인 부서명도 출력되도록 하시오. (hint : outer join)

SELECT EMP.ENAME, DEPT.DNAME
FROM EMP
RIGHT JOIN DEPT# DEPT가 오른 쪽이라 RIGHT JOIN이다. 40번 OPERATINS를 출력하고 싶기 때문에 오른쪽 다 보여주기위해
ON DEPT.DEPTNO = EMP.DEPTNO; 
#서브 쿼리는 SELECT 문 안에서 ()로 둘러싸인 SELECT 문을 말하며 쿼리문의 결과를 메인 쿼리로 전달하기 위해 사용된다.
#사원명 'JONES'가 속한 부서명을 조회하시오.
SELECT EMP.ENAME, DEPT.DNAME
FROM EMP
INNER JOIN DEPT
ON EMP.DEPTNO = DEPT.DEPTNO
WHERE EMP.ENAME = "JONES";

SELECT EMP.ENAME, (SELECT DNAME FROM DEPT WHERE DEPTNO = EMP.DEPTNO)
FROM EMP
WHERE EMP.ENAME = "JONES" 

#부서번호를 알아내기 위한 쿼리가 서브 쿼리로 사용.


#30. 10번 부서에서 근무하는 사원의 이름과 10번 부서의 부서명을 조회하시오. (hint : sub query)
SELECT E.ENAME AS '사원명', D.DNAME AS '부서명'
FROM EMP E
INNER JOIN DEPT D
ON E.DEPTNO = D.DEPTNO
WHERE E.DEPTNO = 10;

#스칼라
SELECT E.ENAME AS '사원명', (SELECT DNAME FROM DEPT WHERE DEPTNO = 10) AS DNAME
FROM EMP E
WHERE E.DEPTNO = 10;

#인라인뷰
SELECT E.ENAME AS '사원명', A.DNAME AS '부서명'
FROM EMP E
INNER JOIN
(SELECT * FROM DEPT WHERE DEPTNO = 10) AS A
ON E.DEPTNO = A.DEPTNO;

#31. 평균 월급여보다 더 많은 월급여를 받은 사원의 사원번호,이름,월급여 조회하시오. (hint : sub query)



#32. 부서번호가 10인 사원중에서 최대급여를 받는 사원의 사원번호, 이름을 조회하시오. (hint : sub query)